name, latitude, longitude, rating, num_reviews, neighborhoods
Hot Chicken Takeover,39.9718969436,-83.0038497415,4.5,285, 'Short North'
Brothers Drake Meadery & Bar,39.987312,-83.004593,4.5,135, 'Short North
Mission Coffee Co.,39.9806786,-83.0046997,4.5,96, 'Short North'
Northstar Café,39.9816278368,-83.0045112222,4.5,620, 'Short North'
One Line Coffee - Short North,39.9775933,-83.0038307,4.5,93, 'Short North'
Fox In the Snow Cafe,39.984252,-82.99942,4.5,123, 'Italian Village'
Ray Ray's Hog Pit,40.0156875853,-83.011794048,4.5,245, 'University District'
El Arepazo Latin Grill,39.9634399,-83.0001297,4.5,213, 'Downtown'
Da Levee,39.9780884,-83.0039215,4.5,184, 'Short North'
Pistacia Vera,39.951168,-82.995872,4.5,423, 'German Village'
North High Brewing,39.988655,-83.005432,4.5,84, 'Short North
Cravings Carryout Cafe,39.9835346,-82.998605,4.5,31, 'Italian Village'
Upper Cup Coffee,39.962524,-82.981895,4.5,93, 'Olde Towne East'
Café del Mondo,39.9765205,-82.9984589,4.5,64, 'Italian Village'
Katalina's,39.983716,-83.015735,4,347, 'Harrison West'
Mikey's Late Night Slice,39.9832695176,-83.0043697357,4,141, 'Short North
DareDevil Dogs,39.991627,-83.006844,4.5,43, 'University District'
Seventh Son Brewing Co,39.9853986661,-82.9996705055,4,91, 'Italian Village'
Raising Canes Chicken Fingers,39.9993706,-83.0075378,4.5,64, 'University District'
Wexner Center For the Arts,40.0004692,-83.0089722,4.5,45, 'University District'
Wolf's Ridge Brewing,39.96727,-82.997612,4,275, 'Downtown'
Buckeye Donuts,40.0030708,-83.0084915,4,120, 'University District'
Marcella's,39.9749184,-83.0032501,4,326, 'Short North'
Café Brioso,39.9637909,-83.0003815,4.5,140, 'Downtown'
Cap City Fine Diner and Bar,39.987084,-83.025016,4,278, 'Grandview Heights'
Studio 35 Cinema & Drafthouse,40.0260238647,-83.0018310547,4.5,109, 'Clintonville'
Tasi,39.9763794,-83.0024109,4,289, 'Short North
Mouton,39.981876,-83.004097,4,107, 'Short North'
B & K Smoke House,39.9578515,-82.9695756,4.5,56, 'Olde Towne East'
Harvest Kitchen + Bar,40.0208808576,-83.0131830319,4.5,131, 'Clintonville'
Basi Italia,39.978184,-83.010719,4,168, 'Victorian Village'
Tokyo GoGo,39.9872513,-83.0045395,4.5,24, 'Short North
Martini Modern Italian,39.971424,-83.002876,4,172, 'Short North'
16-Bit Bar + Arcade,39.9573813594,-82.9953030918,4,148, 'Downtown'
Goodale Park,39.9736844748,-83.0049041659,4.5,61, 'Short North
Ohio History Connection,40.0010109,-82.9881439,4.5,27, 'Linden'
Luck Bros Coffee House,39.9795417786,-83.0340423584,4.5,127, 'Grandview Heights'
Si Señor,39.9632338,-82.9986649,4.5,37, 'Downtown'
Hubert's Polish Kitchen,39.972245,-83.004373,4.5,45, 'Short North'
St James Tavern,39.9846343994,-82.99949646,4,61, 'Italian Village'
Alana's Food & Wine,40.009819,-83.010559,4,109, 'University District'
Pistacia Vera,39.9721456,-83.0043013,4.5,22, 'Short North'
Wine on High,39.978485,-83.004091,4,47, 'Short North'
Press Grill,39.9805557111,-83.0046490281,4,158, 'Short North'
Harvest Pizzeria,39.9524688721,-82.9945831299,4.5,214, 'German Village'
Adriatico's New York Style Pizza,39.9954366029,-83.0140552844,4,155, 'University District'
Curio,39.9525563647,-82.9946663069,4.5,95, 'German Village'
Bakersfield Short North,39.9773293,-83.0037384,4,197, 'Short North'
Junior's Tacos,39.9874784266,-83.0106139183,4,103, 'University District'
Philco Bar + Diner,39.9777107,-83.00383,4,122, 'Short North'
ZenCha Tea Salon,39.9823799,-83.0044022,4,181, 'Short North
Krema Nut Company,39.9746704,-83.0301895,4.5,40, 'Grandview Heights'
Market 65,39.9600716,-82.99823,4.5,84, 'Downtown'
Third and Hollywood,39.9851063,-83.0439606,4,194, 'Grandview Heights'
Rossi,39.9807827811,-83.0043865295,4,154, 'Short North'
Grandview Grind,39.9869537413,-83.0456580529,4.5,67, 'Grandview Heights'
Barley's Brewing Company,39.971916,-83.002899,4,226, 'Short North'
Skillet,39.944412,-82.9859843,4.5,355, 'Schumacher Place'
Nida's Thai on High,39.9822388,-83.0043716,4,190, 'Short North
Till,39.990602,-83.012935,4,168, 'University District'
Dirty Frank's Hot Dog Palace,39.9575005,-82.9949799,4,634, 'Downtown'
Dewey's Pizza,39.9885483,-83.041832,4,145, 'Grandview Heights'
Fusian,39.9948095,-83.0066693,4,79, 'University District'
House Beer,39.9795609,-83.0042038,4,42, 'Short North'
Taste of Belgium,39.9721718,-83.004158,4,87, 'Short North'
Los Potosinos,39.967105,-82.980041,4.5,20, 'King-Lincoln'
Woodlands Tavern,39.985081,-83.037598,4,105, 'Grandview Heights'
Diaspora,40.005508,-83.008682,4,70, 'University District'
Hang Over Easy,39.995121,-83.014191,4,100, 'University District'
Yau's Chinese Bistro,39.9928207,-83.006813,4,72, 'University District'
Bono Pizza,39.9969884,-83.0454652,4.5,43, 'University District
Village Idiot,39.9917183,-83.0065384,4,36, 'University District'
The Happy Greek,39.9758492,-83.0031128,4,146, 'Short North'
Hounddog's Three Degree Pizza,40.0163689,-83.0120163,4,270, 'University District'
Columbus Commons,39.9588988704,-82.998676981,4.5,62, 'Downtown'
Dick's Den,40.0115585,-83.0107269,4,39, 'University District'
Nada,39.9683979098,-83.0082656548,4,160, 'Arena District'
Black Creek Bistro,39.963159,-82.981714,4,130, 'Olde Towne East'
Brown Bag Deli,39.944271,-82.992424,4.5,156, 'German Village'
Scioto Mile,39.9601984514,-83.0028365588,4.5,33, 'Downtown'
The Roosevelt Coffeehouse,39.9660472144,-82.9931680086,4.5,24, 'Downtown'
Arch City Tavern,39.98003,-83.003814,4,95, 'Short North
Bibibop Asian Grill,39.9888519535,-83.0398556909,4,116, 'Grandview Heights'
Lindey's,39.9507395178,-82.9937468469,4,271, 'German Village'
Condado,39.987479,-83.006001,3.5,100, 'Short North
The Fish Guys,39.9721718,-83.004158,4.5,22, 'Short North'
M,39.954491,-83.005714,4,130, 'Downtown'
Tavern Olde Towne,39.962823,-82.976617,4,88, 'Olde Towne East'
Aab India Restaurant,39.9875935103,-83.044500947,4,286, 'Grandview Heights'
G Michael's Bistro,39.9502487,-82.9957733,4,136, 'German Village'
Whit's Frozen Custard,39.9795637,-83.0042307,4,25, 'Short North'
Tip Top Kitchen & Cocktails,39.9637184,-82.9987106,4,339, 'Downtown'
Bicentennial Park,39.9570007,-83.0034485,4.5,22, 'Downtown'
The Guild House,39.9752978235,-83.0031238496,4,84, 'Short North'
Stauf's Coffee Roasters,39.9838066,-83.0450439,4,199, 'Grandview Heights'
Heirloom,40.0004692,-83.0089722,4,30, 'University District'
Hyde Park Prime Steakhouse,39.9739799,-83.0031281,4,114, 'Short North'
zpizza,39.9814491,-83.0045776,4,100, 'Short North'
39 Below FroYo,39.9637401849,-82.9996470362,4.5,38, 'Downtown'
Creole Kitchen,39.9721240997,-82.9736879468,4,63, 'King-Lincoln'
Viking Growl And Tap Room,39.990116,-83.012703,4,19, 'University District'
Red Velvet Cafe,39.957589,-82.9949616607,4.5,30, 'Downtown'
Pastaria,39.9721718,-83.004158,4,44, 'Short North'
Tommy's Diner,39.959629,-83.025139,4,67, 'Franklinton'
Custom Chef,39.962936,-82.998383,4.5,17, 'Downtown'
Melt Bar & Grilled,39.9795335,-83.0040083,3.5,311, 'Short North'
Mac's Café,39.9765343219,-83.0034772307,3.5,116, 'Short North'
Level Dining Lounge,39.9767189,-83.003273,3.5,110, 'Short North
Bareburger,39.9718867242,-83.0025786906,4,143, 'Short North'
Plantain Café,39.9637299,-82.9986191,4,117, 'Downtown'
Ringside Cafe,39.962887,-82.999977,4,62, 'Downtown'
Z Cucina Di Spirito,39.985909,-83.044411,4,124, 'Grandview Heights'
Raising Cane's Chicken Fingers,40.0184972495,-83.0247145884,4.5,60, ''
89 Fish & Grill,39.968727,-82.999435,4,116, 'Downtown'
Vino Vino,39.9857483,-83.0448532,4,87, 'Grandview Heights'
The Market Italian Village,39.983596,-83.001174,4,56, 'Italian Village'
Comfest,39.9737663,-83.0048752,4,64, 'Short North
Figlio,39.985576719,-83.0447939783,4,83, 'Grandview Heights'
Double Comfort Restaurant,39.9722941123,-83.0021700004,3.5,99, 'Short North'
O'Reilly's Pub,40.0198708,-83.0124435,4,88, 'Clintonville'
Schmidt's Sausage Haus,39.946228,-82.990997,4,529, 'German Village'
Sidebar Columbus,39.956757,-82.996132,4,109, 'Downtown'
Caffé Apropos,39.9837303,-83.0170593,3.5,86, 'Harrison West'
Mazah Mediterranean Eatery,39.9874921028,-83.0453024927,4.5,52, 'Grandview Heights'
Lavash Cafe,40.0231018,-83.0139771,4.5,253, 'Clintonville'
The Sycamore,39.9492301941,-82.9908752441,4,93, 'German Village'
Impero Coffee Roasters,39.9797401,-83.0042267,3.5,92, 'Short North'
Mya's Fried Chicken,40.0313693039,-83.0155247077,4,96, 'Clintonville'
Piece of Cake,39.978142,-83.003288,4,53, 'Short North
Pizza Cucinova,39.9848175,-83.02285,4,42, 'Grandview Heights'
Denmark,39.9718471,-83.0028524,4,45, 'Short North'
Phatt Wraps,39.9968580902,-83.0070780963,4,33, 'University District'
Oddfellows Liquor Bar,39.9835045,-83.0046273,4,23, 'Short North'
Enas Caribbean Soul Food Kitchen,40.017216,-82.964828,4,70, 'Linden'
Schiller Park,39.9421387,-82.9925537,4.5,49, 'German Village'
Omega Artisan Baking,39.9721718,-83.004158,4,36, 'Short North'
Sarefino's Pizzerria & Italian Deli,39.9721718,-83.004158,4,25, 'Short North'
Whole World Natural Restaurant & Bakery,40.0288506,-83.0153198,4,130, 'Clintonville'
Moy's Restaurant,40.00304,-83.008408,3.5,72, 'University District'
Bier Stube,39.992496,-83.006989,4,24, 'University District'
Forno Kitchen + Bar,39.9769897,-83.0036621,3.5,90, 'Short North'
Joy's Village,40.0044708,-83.0082397,4,44, 'University District'
The Shrunken Head,39.9872437,-83.0132828,4,34, 'Victorian Village'
Kooma Restaurant,39.9713898,-83.0033569,4,82, 'Short North'
Lemongrass Fusion Bistro,39.9753914,-83.0033035,3.5,195, 'Short North'
Starbucks,39.9694786,-83.0048981,4.5,16, 'Arena District'
Little Palace Bar & Restaurant,39.9576759338,-82.9950180054,4,156, 'Downtown'
Haiku Poetic Food & Art,39.9786606,-83.0034866,3.5,211, 'Short North
Char Bar,39.9712791,-83.0026398,4,52, 'Short North'
Meister's Bar,39.9937363,-83.0390778,4,48, 'Upper Arlington'
Passport Cafe & Catering,39.9799690247,-83.0634841919,4.5,38, ''
The El Camino Inn,39.9577484,-82.9951324,4,131, 'Downtown'
Mitchell's Fish Market,39.985515,-83.023902,3.5,121, 'Grandview Heights'
Union Cafe,39.978401,-83.003342,3.5,153, 'Short North
SuperChefs Breakfast & More,39.9626982,-82.9951723,4,141, 'Downtown'
Cafe Illyria,39.9609604,-82.9944305,4.5,23, 'Downtown'
De Novo,39.9578895569,-83.0003433228,4,151, 'Downtown'
Deli Boys,39.9652682,-83.0012532,4.5,11, 'Downtown'
Hungry Monkey Food Truck,39.99493,-82.99989,4.5,16, 'University District'
DK Diner,39.985153,-83.051674,4,167, 'Grandview Heights'
Whetstone Park of Roses,40.0425374508,-83.018854335,4.5,55, 'Clintonville'
Ajumama,39.9829903,-82.9596786,4,34, ''
Columbus Brewing Company Restaurant,39.9506416,-83.0038528,4,203, 'Brewery District'
Angry Bear Kitchen,40.016451,-83.012085,4,55, 'University District'
Ruby Tuesday,40.003521,-83.00061,4,26, 'University District'
Acre Farm-to-Table To-Go,40.0175285,-83.0117264,4,94, 'University District'
Ted's Montana Grill,39.9682388,-83.0068665,4,91, 'Arena District'
The Ohio Statehouse,39.961465,-82.998966,4.5,20, 'Downtown'
Taste of Greece,40.0245356317,-83.0020281672,4.5,31, 'Clintonville'
Little Eater,39.971909208,-83.0043403367,4.5,11, 'Short North'
Flatiron Bar & Diner,39.9687881,-82.9979095,3.5,111, 'Downtown'
German Village,39.9504089,-82.995163,4.5,13, 'German Village'
Lan Viet Market,39.9721718,-83.004158,3.5,118, 'Short North'
Cherbourg Bakery,39.9577776343,-82.9381392896,4.5,45, 'Bexley'
Sushi Ting,40.0192679465,-83.0245553702,4,139, ''
Winans Chocolates & Coffee,39.9440193,-82.9946671,4.5,27, 'German Village'
Pho Asian Noodle House & Grill,40.0070343912,-83.0451835692,4,221, 'University District'
Olentangy River Greenway,39.9623908997,-82.9995651245,4.5,25, 'Downtown'
Coco's Grill,39.9879491329,-83.0284331739,3.5,65, 'Grandview Heights'
Katzinger's Delicatessen,39.9526215,-82.9963303,3.5,254, 'German Village'
Alchemy Juice Bar + Café,39.9512119616,-82.9827038,4.5,32, 'Schumacher Place'
Tommy's Pizza,40.007205,-83.046867,4,77, 'University District'
Milestone 229,39.956942,-83.003472,3.5,206, 'Downtown'
Brazenhead Irish Pub,39.9880714,-83.0336227,3.5,121, 'Grandview Heights'
Mama Mimi's Take N Bake Pizza,40.021801,-83.0136185,4,28, 'Clintonville'
Fabian's,39.9765838605,-83.003690245,3.5,73, 'Short North'
Yats,39.9860267625,-83.0445696786,4,54, 'Grandview Heights'
South Of Lane,39.9998398,-83.0619812,4.5,59, 'Upper Arlington'
Beck Tavern,39.950768,-82.990524,4.5,28, 'German Village'
Blaze Fast-Fire'd Pizza,39.9971313,-83.0073166,4,24, 'University District'
German Village Coffee Shop,39.9395218,-82.9909134,4,123, 'German Village'
Barcelona,39.94429,-82.989906,4,237, 'German Village'
Yellow Brick Pizza,39.9630966,-82.9766083,3.5,156, 'Olde Towne East'
Short North Tavern,39.9761887,-83.0031967,3.5,58, 'Short North'
Jack's Sandwich Shop,39.963299,-82.999237,4,23, 'Downtown'
The Elevator Brewery and Draught Haus,39.9656928344,-83.001491616,3.5,209, 'Downtown'
Basil,39.9853401,-83.0050125,3.5,185, 'Short North'
Aloha Hawaiian BBQ & Asian Bistro,39.9882421643,-83.0324551463,3.5,102, 'Grandview Heights'
The Thurman Café,39.939388,-82.991127,4,491, 'German Village'
Rumba Café,40.0147591,-83.0002899,3.5,27, 'University District'
Café Bella,40.0151711,-83.0116806,4,59, 'University District'
Kafé Kerouac,40.0082016,-83.0094833,4,60, 'University District'
OH Pizza & Brew,39.9678423815,-82.9988579051,4,69, 'Downtown'
Mughal Darbar,40.009624,-83.010505,4,36, 'University District'
Cray Eatery & Drinkery,39.9777429,-82.998551,3.5,71, 'Italian Village'
The Crest Gastropub,40.0220084527,-83.0018159375,3.5,265, 'Clintonville'
Out-R-Inn,40.005161,-83.008484,4,24, 'University District'
ZenCha Tea Salon,39.9635582,-83.0002136,4,35, 'Downtown'
Kolache Republic,39.9473083019,-82.9977145046,4.5,41, 'Brewery District'
The Angry Baker,39.9628716,-82.9764709,4,189, 'Olde Towne East'
Scioto Audubon Metro Park,39.9454857409,-83.0061762035,4.5,37, 'Brewery District'
Best of the Wurst,39.9721718,-83.004158,4,19, 'Short North'
Loops,39.9917196482,-83.0406808108,4,81, 'Upper Arlington'
The Old Mohawk,39.9457809,-82.993213,4,164, 'German Village'
The Table,39.986723,-83.004683,3.5,67, 'Short North
Japanese Oriental Restaurant,40.0088196,-83.0100784,3.5,67, 'University District'
Rigsby's Kitchen,39.9766197,-83.0032501,3.5,121, 'Short North'
Cup O'Joe,40.023113,-83.01326,4,71, 'Clintonville'
La Tavola,39.982087,-83.0494999,4,39, 'Grandview Heights'
Local Bar,39.9810791,-83.0047684,3.5,33, 'Short North'
Gallerie Bar & Bistro,39.970786348,-83.0023674667,3.5,57, 'Downtown'
Mad Mex - Columbus,39.9939194,-83.0066376,3.5,154, 'University District'
Arepazo Tapas Bar Grille,39.9514163,-82.9985666,4,50, 'Brewery District'
Flying Pizza,39.9993591,-83.007637,3.5,37, 'University District'
Zest Juice Co,39.9884911,-83.0324707,4.5,17, 'Grandview Heights'
Fortune Chinese Restaurant,40.0190708041,-83.0244192481,4,89, ''
Halwani Cuisine,39.9872933328,-83.0446679145,4,31, 'Grandview Heights'
Nancy's Home Cooking,40.026126,-83.014739,4,90, 'Clintonville'
Big Bang - Dueling Piano Bar,39.969783783,-83.0043945312,3.5,56, 'Arena District'
The Carvery,39.963558,-82.999283,4,31, 'Downtown'
Hudson 29,40.0071400286,-83.0522578955,4,96, 'Upper Arlington'
Strongwater Food & Spirits,39.9570231373,-83.0110595854,4,65, 'Franklinton'
Cornerstone Deli & Café,40.0293885916,-83.0152179301,4,108, 'Clintonville'
The Warehouse Café,39.967941,-82.996193,4,38, 'Downtown'
The Topiary Park,39.960461272,-82.9875254631,4,30, 'Discovery District'
Mitchell's Steakhouse,39.963735491,-82.998296544,3.5,77, 'Downtown'
Little Rock Bar,39.982256,-82.998397,4,13, 'Italian Village'
Jason's Deli,39.9746053139,-83.0264814212,4,40, 'Grandview Heights'
Peking Wok,39.9573069066,-83.0407941341,4.5,12, 'Franklinton'
The Thirsty Scholar,40.006698,-83.01445,4.5,12, 'University District'
Tommy's Pizza,40.0064414466,-83.0139564019,4,27, 'University District'
Matt The Miller's Tavern,39.9862099,-83.044548,3.5,159, 'Grandview Heights'
McCarthy's Wildflower Café & Catering,40.033611,-83.000519,4,90, 'Clintonville'
M I A Hookah Cafe,39.9870629,-83.0017848,4.5,7, 'University District'
Mikey's Late Night Slice,40.0155106,-83.0112686,4,34, 'University District'
The Pint House,39.9782913,-83.0036437,3.5,144, 'Short North'
Tai's Asian Bistro,40.0068321,-83.044548,3.5,153, 'University District'
4th Street Bar and Grill,40.0002518,-82.9984818,3.5,58, 'University District'
Grand Day Cafe,39.9888916,-83.0402603,4,77, 'Grandview Heights'
Piada Italian Street Food,40.0064583,-83.045372,3.5,179, 'University District'
Mama Mimi's Pizza,39.9914589,-83.0486221,4,31, 'Grandview Heights'
Cambridge Tea House,39.9891396,-83.0570374,4,57, 'Grandview Heights'
Lexi's On Third,39.962982,-82.997803,4,31, 'Downtown'
The Oval,39.9986350536,-83.0126463622,4.5,11, 'University District'
Marshall's,39.9795455933,-83.0341110229,3.5,86, 'Grandview Heights'
Pelotonia,39.9675293,-83.0114212,5,6, 'Arena District'
CMYE Meet The Owner: Beer Tasting & Board Games,39.987583,-83.030377,5,5, 'Grandview Heights'
Danny's Deli and Restaurant,39.9618492,-83.002182,4,31, 'Downtown'
Jack & Benny's,40.014599,-83.011772,3.5,126, 'University District'
Café Kabul,40.0190849,-83.0246048,4,54, ''
Jeni's Splendid Ice Creams,39.9769783,-83.0033264,4.5,277, 'Short North
Too's Spirits Under High,40.000679,-83.0079193,3.5,13, 'University District'
Due Amici,39.9637108,-82.998909,3.5,144, 'Downtown'
Five Guys Burgers and Fries,39.9948661,-83.0072127,3.5,31, 'University District'
Skully's Music-Diner,39.9858818054,-83.0057601929,3,87, 'Short North'
Mykonos Gyros,39.9701721221,-83.0021227151,4.5,15, 'Downtown'
Mango's Cafe,39.987963,-83.006313,3.5,22, 'Short North
Library Bar,40.0065384,-83.0097122,3.5,30, 'University District'
DiBella's Old Fashioned Submarines,39.9915695,-83.0262604,3.5,38, 'University District'
Rehab Tavern,39.957607,-83.012329,4,28, 'Franklinton'
Aladdin's Eatery,40.0220695138,-83.0134094507,3.5,73, 'Clintonville'
Paddy Wagon,39.96531,-83.00898,4,26, 'Downtown'
Northstar Café,40.0484085,-83.0204697,4,240, 'Clintonville'
BBR Columbus,39.971771,-83.0055,3.5,67, ''
Johnnie's Glenn Avenue Grill,39.9871139526,-83.0545730591,4,38, 'Grandview Heights'
Gresso's,39.942379,-82.9972992,4,83, 'Brewery District'
Blue Danube,40.011978,-83.010925,3.5,103, 'University District'
Aladdin's Eatery,39.9866797775,-83.0447128415,3.5,77, 'Grandview Heights'
Varsity Club,40.006641,-83.016991,3.5,42, 'University District'
Suzi-Cue Pool Hall,40.0028992,-82.9981079,3.5,13, 'University District'
L'Antibes,39.9781417847,-83.003288269,4,36, 'Short North
The Boat House,39.9649818442,-83.0180459441,3.5,55, ''
Challah Food Truck,39.9643603158,-83.0008718048,4,27, 'Downtown'
Rishi Sushi Kitchen & Bar,39.964936,-82.997958,3.5,75, 'Downtown'
Jeni's Splendid Ice Creams,39.9721718,-83.004158,4.5,278, 'Short North'
Thai Basils,39.991497,-83.049232,4,62, 'Grandview Heights'
Phatt Taco,39.9634290487,-83.0008533597,4.5,14, 'Downtown'
Casa Sazon,39.9634022266,-83.000966683,4.5,12, 'Downtown'
The Wine Bistro,40.0073247403,-83.0567519367,4,62, 'Upper Arlington'
Exile,39.981365,-82.998863,4,14, 'Italian Village'
Hey Hey Bar & Grill,39.944149,-82.987167,4,35, 'Merion Village'
Oldfield's North Fourth Tavern,39.9953047,-82.9991771,4.5,7, 'University District'
Gordon Biersch Brewery Restaurant,39.969784,-83.004417,3,121, 'Arena District'
Club 185,39.9524383545,-82.9935836792,3.5,98, 'German Village'
Carabar,39.9618492,-82.9818573,3.5,52, 'Olde Towne East'
The Ohio Taproom,39.984676,-83.040092,4,20, 'Grandview Heights'
Grass Skirt Tiki Room,39.9655418,-82.9916611,3.5,113, 'Discovery District'
Japanese Steak House,39.9720993,-83.0027924,3.5,17, 'Short North'
Byrne's Pub,39.985107,-83.038872,3.5,47, 'Grandview Heights'
Indian Oven,39.9573288,-82.9879303,3.5,77, 'Discovery District'
World of Beer,39.951416,-83.001037,3.5,84, 'Brewery District'
Hubbard Grille,39.978611,-83.0040131,3.5,167, 'Short North'
Eddie George's Grille 27,39.9955788,-83.006958,3,115, 'University District'
George's Pizza,40.0205426663,-83.0250804126,4,20, ''
Hofbrauhaus Columbus,39.9742665142,-83.0249677598,4,101, 'Grandview Heights'
Spinelli's Deli,39.9770117551,-83.0111027509,3.5,71, 'Harrison West
The Old Bag of Nails Pub,39.97966,-83.0338821,3.5,38, 'Grandview Heights'
Spagio,39.9842949,-83.0449982,3.5,112, 'Grandview Heights'
Rodizio Grill The Brazilian Steakhouse,39.9682698315,-83.0057339743,3.5,95, 'Arena District'
Pies and Pints,39.9831581,-83.00457,4,16, 'Short North'
Mama's Pasta N Brew,40.1181793,-83.014595,4,11, 'University District'
Mike's Grill,39.9771309,-83.0033722,4,18, 'Short North'
Cafe Napolitana,39.963245,-83.00032,3.5,49, 'Downtown'
Midnight Hookah,39.98629,-83.0042877,4,22, 'Short North
King Avenue Five,39.9910088,-83.0319214,3.5,45, 'Grandview Heights'
Marino's Seafood,39.988796,-83.038773,3.5,42, 'Grandview Heights'
Chocolate Café,39.996241,-83.047353,3.5,53, 'Upper Arlington'
Firdous Express,39.9721718,-83.004158,3.5,33, 'Short North'
Nida's Sushi,39.9721718,-83.004158,3.5,49, 'Short North'
BRAVO! Cucina Italiana,39.996525,-83.026123,3.5,83, 'University District'
Cut N Blow,39.987709,-83.0054703,5,33, 'Short North
J Gumbo's,39.9636002,-82.9998932,3.5,56, 'Downtown'
Wings Over Columbus,40.0064583,-83.045372,4,68, 'University District'
New Harvest Café,40.0176544,-82.9653091,4.5,8, 'Linden'
Apollo's Restaurant & Spirits,39.9982109,-83.0075531,3.5,42, 'University District'
Ravari Room,40.0165291,-83.0120468,3.5,37, 'University District'
OH! Burgers,39.9829903,-82.9596786,4,16, ''
Bodega,39.9836928,-83.0045496,3.5,42, 'Short North
Local Cantina,39.9868393,-83.0450211,3.5,114, 'Grandview Heights'
Greek Street Tavern,40.0198011062,-83.0595588684,4,47, 'Upper Arlington'
Bernard's Tavern,39.9752617,-83.0028915,3,79, 'Short North'
Dempsey's Food & Spirits,39.955055,-82.99881,4,56, 'Downtown'
La Chatelaine,40.0071074814,-83.0516657978,3.5,83, 'Upper Arlington'
The Treebar,39.991867,-83.030617,3.5,23, 'University District'
Ace of Cups,40.0157013,-83.0118408,3.5,28, 'University District'
The Three-Legged Mare,39.969785,-83.004396,3,57, 'Arena District'
Boston Stoker,39.9763996353,-83.0121163901,4.5,11, 'Harrison West'
Village Coney,39.944553,-82.985725,4,37, 'Schumacher Place'
Rubino's Pizza,39.956619,-82.92804,4,97, 'Bexley'
Pita House,39.9712483585,-82.9210676998,4.5,55, 'Eastmoor'
Wall Street Nightclub,39.965229,-83.001923,3.5,21, 'Downtown'
Manifesto Tuscan Grato & Scotch Bar,39.9600792,-82.9996796,3.5,84, 'Downtown'
R Bar Arena,39.9706688,-83.0044174,3.5,52, 'Short North'
The Walrus,39.9564514,-82.9954529,4,24, 'Downtown'
Nongs Hunan Express,39.991829,-83.040154,3.5,42, 'Upper Arlington'
Awol,39.9633251131,-82.9817017168,4,16, 'Olde Towne East'
Akai Hana,40.0508003,-83.0517502,4.5,297, 'Upper Arlington'
Hamptons on King,39.990551,-83.0126572,3.5,36, 'University District'
Island Vibes Restaurant,39.997417,-82.977547,4,14, 'Linden'
Holy Smoke Barbecue,39.9721718,-83.004158,3.5,38, 'Short North'
Brick an American Kitchen,39.9514095,-83.0002245,3.5,38, 'Brewery District'
Pita Pit,40.0028801,-83.008461,3.5,34, 'University District'
North Market,39.9721718,-83.004158,4.5,355, 'Short North'
El Tacoriendo,39.980713,-82.914787,4.5,21, 'Eastmoor'
Columbus Food Adventures,39.9782104,-83.0093384,5,59, 'Victorian Village'
Cup o' Joe,39.9961395,-83.0268936,3.5,43, 'University District'
Axis Nightclub,39.978096,-83.004333,3.5,29, 'Short North'
Grandad's Pizza,39.985119,-83.039116,4,28, 'Grandview Heights'
Hae Paul's,39.960908,-82.996127,4,33, 'Downtown'
Sunny Street Cafe,39.967876,-83.008987,3.5,52, 'Arena District'
Harrison's on Third,39.9837266654,-83.0139351636,3.5,43, 'Harrison West
Crimson Cup Coffee & Tea,40.0545998,-83.0203018,4,85, 'Clintonville'
Bake Me Happy,39.9351069331,-82.9923172295,5,8, 'Merion Village'
Scrambler Marie's,39.9518318,-82.9833527,4,30, 'Schumacher Place'
Black Point,39.9740802552,-83.0029011527,3.5,32, 'Short North'
BD's Mongolian Barbeque,39.968029,-83.0055084,3.5,60, 'Arena District'
Red Chili Asian Kitchen,40.002117854,-83.0082357424,3.5,19, 'University District'
Piada Corporate Headquarters,39.991963,-83.045487,5,5, 'Upper Arlington'
Explorers Club,39.9298209697,-82.9957263172,4,206, 'Merion Village'
Middle West Spirits,39.98753,-83.004395,4.5,36, 'Short North
C'est Si Bon Café,39.9572505802,-82.9387166351,4.5,28, 'Bexley'
Chadwick Arboretum & Learning Gardens,40.0035193563,-83.0280898511,5,5, 'University District'
Turner's Barber Shop & Shaving Parlor,39.9879035354,-83.0057584494,5,29, 'Short North
Flavors of India,39.9721718,-83.004158,3.5,44, 'Short North'
Bar Louie,39.972496,-83.004211,3,93, 'Short North'
Tensuke Express,40.0508919,-83.0515289,4.5,114, 'Upper Arlington'
Global Gallery,40.0341782586,-83.0168366432,4.5,26, 'Clintonville'
Park Street Tavern,39.97237,-83.004951,3.5,24, 'Short North'
Smokehouse Brewing Co.,39.9741516,-83.0489807,3.5,125, 'Grandview Heights'
Lucky Dragon,40.0193557739,-83.0122299194,3.5,41, 'Clintonville'
First Watch,39.9520187,-82.9984665,3.5,57, 'Brewery District'
Subway,39.9891319,-83.0488434,4,9, 'Grandview Heights'
Taqueria Los Primos,39.9872017,-83.011879,5,5, 'University District
Potbelly Sandwich Shop,39.9949112,-83.0068283,4,12, 'University District'
Street Thyme,39.961391,-82.992012,4,22, 'Discovery District'
Rancho Alegre,39.9725304,-83.044899,3.5,76, 'Grandview Heights'
Claddagh Irish Pub,39.949963,-83.000519,3.5,72, 'Brewery District'
Freshbox Catering,39.9625731,-82.9973606,4.5,7, 'Downtown'
Portia's Cafe,40.05514,-82.999988,4.5,82, 'Clintonville'
Paul's Fifth Avenue,39.988716,-83.048515,3.5,58, 'Grandview Heights'
Via Colori,39.9736844748,-83.0049041659,4.5,5, 'Short North
Brenen's Cafe,40.0002899,-83.007782,3.5,27, 'University District'
Rocket Fizz,39.981704,-83.004058,4.5,24, 'Short North
Slammers,39.9657707,-82.9956512,3.5,23, 'Downtown'
Anthony's Pizzeria,39.9565706402,-82.9360813648,4.5,35, 'Bexley'
Zanzibar Brews,39.9673615,-82.9811783,4,21, 'King-Lincoln'
Grange Insurance Audubon Center,39.9476864934,-83.0091755837,5,5, 'Brewery District'
Panera Bread,40.0066719,-83.0175629,3.5,23, 'University District'
Taco Bell,40.014029,-83.011552,3.5,18, 'University District'
India-Oak Grill,40.033337,-83.000061,4,34, 'Clintonville'
Panera Bread,39.9951515,-83.007309,3.5,20, 'University District'
Quail Crossing Cellars,40.0212784,-83.0133209,4.5,12, 'Clintonville'
Darbo Restaurant,40.0454292,-82.9572601,4.5,25, 'Linden'
Park Creek Kitchen,39.999626,-83.061798,3.5,57, 'Upper Arlington'
High Beck Tavern,39.9506221712,-82.9983662814,3.5,51, 'Brewery District'
Cup O' Joe & Mojoe Lounge,39.9590302,-83.0002289,3.5,31, 'Downtown'
Latitude 41,39.963692,-82.997719,3,83, 'Downtown'
Plank's Cafe,39.9484901,-82.9827576,3.5,81, 'Schumacher Place'
Cazuela's Grill,40.0081902,-83.0098572,3,67, 'University District'
Greek Express,39.9886110166,-83.035912849,3.5,37, 'Grandview Heights'
Penn Station,40.0027368218,-83.0085452646,4.5,6, 'University District'
Zombie Walk,39.9623908997,-82.9995651245,5,4, 'Downtown'
Ethyl & Tank,39.9978337437,-83.0070861429,3,51, 'University District'
Mirror Lake,39.9986114502,-83.0138168335,4.5,6, 'University District'
Phillip's Original Coney Island,39.9609299,-83.0127487,3.5,35, 'Franklinton'
Barrel Spirits On High,39.9851760864,-83.0047302246,4,10, 'Short North
Olentangy River Wetlands Research Park,40.0162987411,-83.0212079734,5,4, 'University District'
Oliver's Burgers Steaks & Bourbon,39.9629287982,-83.0002907664,3,74, 'Downtown'
Beechwold Diner,40.0547944754,-83.0002847314,4,77, 'Clintonville'
Chipotle Mexican Grill,40.021025,-83.058211,4,18, 'Upper Arlington'
Jeni's Splendid Ice Creams,39.9838295,-83.0450439,4.5,163, 'Grandview Heights'
Bruegger's Bagels,39.994647,-83.014099,3.5,28, 'University District'
Shades Restaurant,39.985729,-82.978454,4,9, ''
Dos-Boot Computer Services,40.0044708,-83.0082397,5,21, 'University District'
Max & Erma's,39.9472312927,-82.9953308105,3.5,47, 'German Village'
Pepper's Fish and Chicken,40.0139618,-82.9800491,5,8, 'Linden'
Sloopy's Diner,39.9978793412,-83.0077204853,3.5,21, 'University District'
Currito,39.9985695,-83.0075989,3.5,16, 'University District'
Bluescreek Farm Meats,39.9721718,-83.004158,5,21, 'Short North'
Huntington Park,39.968678,-83.010956,4.5,77, 'Arena District'
Jimmy Vs,39.943502,-82.996967,4,36, 'Brewery District'
Sophie's Gourmet Pierogi,39.9592667,-82.9999237,4,16, 'Downtown'
Bar 145,39.9874331311,-83.0316920966,3,87, 'Grandview Heights'
Thurber House,39.965698,-82.985321,4.5,6, 'Discovery District'
Laughlin's Bakery,39.982552496,-83.0041331528,5,26, 'Short North
Tek Experts,40.014575,-83.0106974,5,50, 'University District'
Hendoc's Pub,40.0107117,-83.0104599,3.5,11, 'University District'
PJ's Grill,40.004795,-83.008362,3,34, 'University District'
Café Bourbon Street,40.0086708,-83.0003281,3.5,17, 'University District'
Tree Spirit Coffee,40.0044554,-83.0089328,5,4, 'University District'
Eleven,39.9744784087,-83.0030581355,3,40, 'Short North'
Spoonful Records,39.965523,-82.997864,4.5,46, 'Downtown'
The Bexley Coffee Shop,39.980902,-82.931696,4.5,12, 'Bexley'
Taste of Orient,40.0116005,-83.0102234,3,59, 'University District'
Dante's Pizza,40.0371160358,-83.0005837977,4,25, 'Clintonville'
Michael's Goody Boy Diner,39.9856911,-83.0049591,3,85, 'Short North
Five Guys Burgers and Fries,39.9884296,-83.0329943,3.5,29, 'Grandview Heights'
Casa Di Pizza,39.9862785,-83.0756607,4.5,19, ''
The Florentine,39.9591103,-83.0248337,3.5,39, 'Franklinton'
Rambling House Soda Pop,40.015436,-83.003029,5,22, 'University District'
Tigertree,39.9785714597,-83.0039057136,4.5,55, 'Short North'
Oodles Noodle & Dumpling Bar,39.9573517,-82.987587,3.5,21, 'Discovery District'
Jimmy John's,39.9879437685,-83.0283225328,3.5,19, 'Grandview Heights'
Double Happiness,39.952296,-83.0005087,3.5,42, 'Brewery District'
Ohio Stadium,40.0040249527,-83.0192197859,4.5,69, 'University District'
Caffé DaVinci,40.01926,-83.062233,4,44, 'Upper Arlington'
Johnnie's Tavern,39.992832,-83.089851,4,51, ''
Potbelly Sandwich Shop,39.9616964,-83.0008096,4,16, 'Downtown'
Phia Salon,39.9778556824,-83.0041503906,4,107, 'Short North'
Belmont Deli,39.966572,-83.010757,4.5,8, 'Arena District'
Brenen's Cafe,39.9960675091,-83.0194149166,3.5,15, 'University District'
Easy Street Cafe,39.9395409,-82.9907684,3.5,92, 'German Village'
Pita Hut -N- Grille,40.0637398,-83.0198669,4.5,83, 'Clintonville'
Franklin Park,39.9674377,-82.953949,4,12, ''
ZenCha Cafe & tea,39.9571553618,-82.9346805811,4,35, 'Bexley'
Zeno's,39.9839211,-83.0153427,3,29, 'Harrison West'
Huong Vietnamese Restaurant,40.0616989,-82.9850388,4,119, 'Northland'
Used Kids Records,40.0027809,-83.0081635,4.5,53, 'University District'
Red Door Tavern,39.989353,-83.053177,3.5,61, 'Grandview Heights'
Market Blooms Etc,39.9721718,-83.004158,4.5,28, 'Short North'
Stauf's Coffee Roasters,39.9495888,-82.9957886,4,24, 'German Village'
Katz Tires,39.957236,-82.986633,5,39, 'Discovery District'
Noodles & Company,39.9888992,-83.0433121,3.5,34, 'Grandview Heights'
Moshi Sushi Bar,39.9576187,-82.9417267,4,59, 'Bexley'
Backroom Coffee Roasters,40.007393,-83.048798,5,6, 'Upper Arlington'
Buffalo Wild Wings,40.0062230229,-83.0093512684,3,34, 'University District'
Jie's Good Tasting,39.9864706652,-83.0450226367,3.5,26, 'Grandview Heights'
Novak's Tavern & Patio,39.9720681,-83.0025743,3.5,21, 'Short North'
Big Fun,39.9761404,-83.0030409,4.5,23, 'Short North
The Kitchen,39.952366,-82.99231,4,25, 'German Village'
Westies Gastropub,39.9427132615,-82.9985028651,3.5,70, 'Brewery District'
Grandview Cafe,39.984856,-83.044609,3,109, 'Grandview Heights'
Frank Fetch Memorial Park,39.950709343,-82.9920402914,5,5, 'German Village'
Carsonie's Stromboli & Pizza Kitchen,40.0070496,-83.0563202,3.5,52, 'Upper Arlington'
Glow By Carey,39.9891306813,-83.0598914623,5,45, 'Grandview Heights'
Jimmy John's,39.961441,-83.002098,3.5,13, 'Downtown'
1831Tavern,39.9550018,-82.9985123,4,15, 'Downtown'
Rotolo's Pizza,39.988903,-83.05336,3.5,26, 'Grandview Heights'
JaVa's Cyber Espresso Bar,39.961178,-82.989944,4,7, 'Discovery District'
Hemingway's Coffee Nook,39.958729,-82.997597,5,4, 'Downtown'
Gateway Film Center,39.9939995,-83.0063782,4,75, 'University District'
Gallo's Kitchen & Bar,40.0260658,-83.0899811,4.5,84, 'Upper Arlington'
Roosters,39.943866,-82.995597,3.5,30, 'German Village'
Refectory Restaurant & Bistro,40.064014,-83.048271,4.5,168, 'Northwest'
Gypsy Cafe,39.9802017,-83.0039825,3.5,16, 'Short North'
Pizza Primo,40.0254898,-83.0017319,3.5,21, 'Clintonville'
Roosters,40.02795,-83.027588,3.5,47, ''
Wendy's,39.96579,-82.972992,4,8, 'Olde Towne East'
Club Diversity,39.94442,-82.997696,4,15, 'Brewery District'
Salon Hotel Lily,39.9800186,-83.003952,5,14, 'Short North'
Ohio Theatre,39.9601763,-82.9991095,4.5,46, 'Downtown'
The Old Bag of Nails Pub,39.968441,-82.9502029,3.5,41, ''
Catfish Biff's Pizza & Subs,39.995178,-83.009399,3,34, 'University District'
Buca di Beppo Italian Restaurant,39.969287,-83.004333,3,88, 'Arena District'
Columbus Metropolitan Library,39.96118,-82.989943,4.5,40, 'Discovery District'
Gatto's Pizza,40.02198,-83.012932,4,27, 'Clintonville'
Spaghetti Warehouse,39.960144,-83.011299,3,137, 'Franklinton'
Three Dog Bakery,39.9748306,-83.0032272,4.5,32, 'Short North'
Oodles Noodles & Dumpling Bar,39.9765282,-83.0121765,3,50, 'Harrison West'
The Hungry Soul Cafe,39.9619819969,-82.9951536655,4,22, 'Downtown'
Paradise Garage,39.9811592,-83.004509,4.5,58, 'Short North'
Lashish the Greek,40.0638504,-83.040123,4.5,92, ''
Starbucks,39.9986991882,-83.0073242188,3.5,10, 'University District'
Krispy Krunchy Chicken,40.0314147,-82.9958211,4,24, 'Linden'
Miller's Columbus Ale House,39.984741,-83.023696,3,117, 'Grandview Heights'
Starbucks,40.0064583,-83.045372,4.5,9, 'University District'
Qdoba Mexican Grill,39.988857,-83.051872,3.5,31, 'Grandview Heights'
Columbus Eyeworks,39.9786358327,-83.0045487732,4.5,18, 'Short North'
Cuts Off High,40.012305,-83.010636,4.5,29, 'University District'
Patrick J's,40.017529,-83.012558,3,36, 'University District'
Katzinger's Little Deli,39.9721456,-83.0043013,3.5,13, 'Short North'
Starbucks,39.962936,-82.998383,4,10, 'Downtown'
Scotty's Cafe,39.9712175131,-82.9213560373,4.5,16, 'Eastmoor'
Revolution Cycles,39.9867897,-83.0056229,5,11, 'Short North'
Book Loft of German Village,39.9494781,-82.9956436,4.5,218, 'German Village'
Shisha Lounge,40.0105705,-83.0104599,3,29, 'University District'
Sammy's New York Bagels,39.9830894,-82.9310837,4,12, ''
Rendezvous Hair Salon,40.0152588,-83.0113678,4.5,22, 'University District'
Mukha Custom Cosmetics & Medi-Spa,39.9823303,-83.0043869,4.5,29, 'Short North'
Trattoria Roma,39.9872513,-83.0447083,3,74, 'Grandview Heights'
Kingmakers,39.9771425128,-83.0041404068,4.5,32, 'Short North'
Boston's Restaurant & Sports Bar,39.9682388,-83.0068665,3,63, 'Arena District'
McDonald's,39.988686,-83.030563,3.5,14, 'Grandview Heights'
The Chintz Room,39.9569563448,-82.999417236,3.5,29, 'Downtown'
Charleys Philly Steaks,40.001377,-83.007858,3.5,9, 'University District'
Panzera's Pizza,39.985355,-83.044449,3.5,26, 'Grandview Heights'
Piada Italian Street Food,39.956661,-82.929543,4,45, 'Bexley'
Zoup!,39.9608958465,-83.0007002226,3.5,19, 'Downtown'
The Capitol Cafe By Milo's,39.9617271,-82.9976273,4,9, 'Downtown'
Longview Barbershop,40.0299683,-83.0156326,5,45, 'Clintonville'
Bistro 2110 At the Blackwell,40.0047913,-83.0166092,3.5,15, 'University District'
Westgate Imports Market,39.942905,-83.084213,4.5,42, 'Hilltop'
D.P. Dough,39.9880249,-83.005829,3,34, 'Short North
On Paper,39.9774399,-83.0037689,4.5,29, 'Short North'
North Market Spices,39.9723222,-83.0043577,4.5,24, 'Short North'
North Market Poultry & Game,39.9721718,-83.004158,5,12, 'Short North'
Winking Lizard Tavern,39.9890000158,-83.0440876,3,58, 'Grandview Heights'
The Little Bar,40.006878,-83.009781,3,30, 'University District'
Yin Yue Restaurant,40.014343,-82.976944,4,11, 'Linden'
Nails On Neil,39.9770902097,-83.0111181736,4,63, 'Victorian Village'
Champps Restaurant & Bar,39.9968491,-83.026413,3,66, 'University District'
Chipotle Mexican Grill,39.997551,-83.00737,3,13, 'University District'
La Fogata Grill,39.9785728455,-83.0033721924,2.5,127, 'Short North
First Watch,40.022040037,-83.0587635062,3.5,49, 'Upper Arlington'
El Vaquero Mexican Restaurant,40.026482,-83.026604,3,98, ''
Giuseppe's Ritrovo,39.9573212,-82.9383087,3.5,68, 'Bexley'
The Candle Lab,39.9777985,-83.0038528,4.5,21, 'Short North'
Los Guachos Taqueria,40.06464,-83.0573273,4.5,300, 'Northwest'
La Patrona,40.0228775293,-83.0136287212,3.5,39, 'Clintonville'
China Dynasty,40.0063842886,-83.0557665505,3.5,50, 'Upper Arlington'
Bexley Pizza Plus,39.956612,-82.927826,4,35, 'Bexley'
Piercology,39.9820709,-83.009758,4.5,32, 'Victorian Village'
Mickey's,39.988815,-83.039154,3,25, 'Grandview Heights'
Kitchen Little,39.9721718,-83.004158,4,39, 'Short North'
Sicilia Fine Italian Specialties,40.005165,-83.008347,3,18, 'University District'
Madison Soul Food Kitchen,39.973629,-82.955612,4.5,6, ''
Mitchell's Ocean Club,40.0500298,-82.914978,4.5,179, 'Easton'
Susie's Sub Shop,40.023708,-82.980583,4.5,9, 'Linden'
Bernie's Bagels & Deli,40.0009995,-83.0080338,3,32, 'University District'
Chumley's,40.001502,-83.007881,3,24, 'University District'
J. Gumbo's,40.0029411,-83.0084763,3,19, 'University District'
Terita's Pizza Carry Out,40.048553,-82.95507,4.5,16, 'Linden'
Grandview Mercantile Co.,39.9803696,-83.0046387,4,29, 'Short North'
Tony's Italian Ristorante,39.9504625797,-82.9989402741,3,43, 'Brewery District'
Pattycake Bakery,40.0236298325,-83.0137681961,4.5,160, 'Clintonville'
Buffalo Wild Wings,39.9885406,-83.0321732,3,33, 'Grandview Heights'
Bossy Grrl's Pin Up Joint,40.0152399391,-83.0114990473,3,18, 'University District'
Happy House,39.988312,-83.040146,3,39, 'Grandview Heights'
Las Maravillas Mexican Market,39.9872017,-83.011879,4,5, 'University District
Columbus Pride Festival and Parade,39.9737663,-83.0048752,4.5,14, 'Short North
Starbucks,39.949131012,-82.9951171875,4,12, 'German Village'
Rusty Bucket Restaurant and Tavern,40.0071235746,-83.0539999902,3.5,50, 'Upper Arlington'
Johnny Rockets,39.9959984,-83.0268784,3,34, 'University District'
Yoga On High,39.9843483,-83.0055695,4.5,30, 'Short North'
The Barrel & Bottle,39.9721718,-83.004158,4.5,19, 'Short North'
Red Hook Grill,39.9746594,-83.0364041,3.5,28, 'Grandview Heights'
Victory's Pizza & Grub,39.950916,-82.998749,3.5,14, 'Brewery District'
Sway,39.971424,-83.002876,3.5,16, 'Short North'
Tatoheads Public House,39.9369392,-82.9836502,4,16, 'Merion Village'
The Spacebar,40.015175,-83.011108,4.5,6, 'University District'
Pam's Market Popcorn,39.9721456,-83.0043013,4.5,24, 'Short North'
Thank Yoga,39.986764,-83.004522,5,11, 'Short North
Bink Davies,39.9760445,-83.0032911,4.5,23, 'Short North'
Zoup!,39.992361,-83.026668,3.5,11, 'University District'
Teodora's Kitchen,39.9407157898,-82.9969711304,4,10, 'Downtown'
Studio Posh Hair Gallery,40.0068092,-83.0092163,4.5,36, 'University District'
Ambushed Salon,39.974591732,-83.0033873767,4.5,24, 'Short North'
Niko's Barber Shop,39.952177,-82.9961346,4.5,28, 'German Village'
Plaza Mexican Grill,39.995903,-83.006775,4,8, 'University District'
Jimmy V's Grill & Pub,39.9893303,-83.0543823,3.5,34, 'Grandview Heights'
Addis Restaurant,40.045067,-82.957581,5,7, 'Linden'
Jiu Thai Asian Cafe,40.060507,-83.041194,4,59, ''
Little Dragons Chinese Restaurant,40.0607758,-82.9785919,4,55, 'Northland'
Bubbles Tea & Juice Company,39.9721718,-83.004158,3,36, 'Short North'
High Street Tattoo,39.980175,-83.003838,4.5,15, 'Short North
Buckeye Pho,40.0630226,-83.0403976,4,195, ''
Elemental Veterinary Center and Pet Spa,39.9879417,-83.0055313,4.5,31, 'Short North
Auddino's Italian Bakery,39.995018,-82.986434,4.5,18, 'Linden'
Firehouse Subs,39.9874267578,-83.0317306519,3,26, 'Grandview Heights'
Franklin Park Conservatory,39.9674377,-82.953949,4.5,84, ''
Moe's Southwest Grill,40.0069356,-83.0449738,3.5,26, 'University District'
Chipotle Mexican Grill,40.0539513,-83.0202408,4,24, 'Clintonville'
North Bank Park,39.96528,-83.009863,4.5,3, 'Arena District'
Bruegger's Bagels,40.0067596,-83.0536499,3.5,15, 'Upper Arlington'
Tim Hortons,39.9906595979,-83.026342392,3,14, 'Grandview Heights'
Banana Leaf Restaurant,40.0632935,-83.0404434,4,175, ''
Starbucks,39.9601779839,-82.9976812751,3.5,8, 'Downtown'
Royal Ginger Asian Fusion Bistro,40.007019,-83.0537567,3,83, 'Upper Arlington'
Bob's Bar,40.0635934621,-83.01952824,4,78, 'Clintonville'
The Torpedo Room,39.994207,-83.0059488,3,23, 'University District'
Shadowbox Live,39.9513499,-83.0010206,4.5,79, 'Brewery District'
The Little Donut Shop,39.997698,-83.0075657,4,27, 'University District'
Noodles & Company,40.0056801,-83.0088501,3,20, 'University District'
D'licious Cafe,40.0044708,-83.0082397,3,15, 'University District'
Northstar Café,40.0489988923,-82.914635092,4,281, 'Easton'
Drury Inn & Suites,39.96974619,-82.9994959005,4.5,41, 'Downtown'
Dragon One,39.9644268304,-82.9813490063,3,28, 'King-Lincoln
A Slice of New York,39.9993591,-83.007637,3.5,9, 'University District'
The Daily Growler,40.0301731378,-83.091019839,4,60, 'Upper Arlington'
Jazz & Rib Fest,39.9653053,-83.0124664,3,24, 'Arena District'
Backstage Bistro,39.9516478,-83.000577,3.5,14, 'Brewery District'
Kittie's Cakes,39.952164,-82.996302,4.5,45, 'German Village'
Old Familiar Barbershop,39.9617996,-82.9816284,4.5,37, 'Olde Towne East'
Northam Park,40.0122472644,-83.0653685331,4.5,7, 'Upper Arlington'
Park Street Cantina,39.972248,-83.005043,2.5,98, 'Short North'
Newport Music Hall,39.9974785,-83.00737,4,59, 'University District'
Cloak & Dagger Dinner Theatre,39.9521408,-82.9864502,3.5,15, 'Schumacher Place'
Donatos Pizza,40.0333405,-83.0166626,3.5,21, 'Clintonville'
Flower Child,39.982608,-83.005119,4,50, 'Short North'
Blake Rose Salon & Spa,39.9879494,-83.0315094,4,31, 'Grandview Heights'
Village Dental Care,39.980492,-83.00853,5,8, 'Victorian Village'
SegAway,39.9702377,-83.0020294,5,17, 'Downtown
Nyoh's Buckeye Bar & Grill,40.0190708041,-83.0244192481,3.5,11, ''
Residence Inn Columbus Downtown,39.964111,-82.999847,4.5,26, 'Downtown'
Chipotle Mexican Grill,39.969704,-83.004545,4,11, 'Arena District'
Three Sheets,39.9506607,-82.9981918,4.5,5, 'Brewery District'
The Clubhouse,39.939743,-83.005791,4,19, ''
Bar 23,39.9742699,-83.0027847,2.5,40, 'Short North'
Cavan Irish Pub,39.9331703,-82.996109,4,15, 'Merion Village'
Grill House Deli,40.0157495,-83.0115622,4.5,7, 'University District'
Starbucks,39.992657,-83.025391,3,17, 'University District'
Mark Pi's Express,39.9888916,-83.0404892,3.5,16, 'Grandview Heights'
Thurn's Specialty Meats,39.9398003,-83.0111084,5,41, ''
XoX Karaoke,40.0194315612,-83.0246237665,3.5,11, ''
Open Sky Day Spa,39.9747170076,-83.0336147288,4.5,34, 'Grandview Heights'
Rendezvous Cafe of Ohio,39.96423,-82.998001,4.5,4, 'Downtown'
Cafe Istanbul,39.956837,-82.933182,3.5,29, 'Bexley'
Lee's China Kitchen,39.9600716,-82.99823,3.5,17, 'Downtown'
Scioto Audobon Dog Park,39.9512010381,-83.007716586,4.5,7, 'Brewery District'
The Ohio State University,39.9968191981,-83.0115761608,4,39, 'University District'
Native Cold Pressed,39.9781671166,-83.0038198829,4,25, 'Short North'
Scarlet & Grey Cafe,40.0071983,-83.009697,3,12, 'University District'
Front Runner,40.0072212,-83.0462875,4.5,32, 'University District'
Cinco,39.9619484,-83.001152,3,21, 'Downtown'
World of Used Photography,39.9843483,-83.0331497,4.5,17, 'Grandview Heights'
Taqueria El Fogoncito,40.0588298994,-82.9463896547,4.5,12, ''
Cosi All Day Cafe,39.957802,-82.939789,4,19, 'Bexley'
RPAC - Recreation & Physical Activity Center,40.0004044,-83.0174179,4.5,17, 'University District'
Get Go At Grandview Yard,39.9844704,-83.0269241,5,2, 'Grandview Heights'
Wall Street Deli,39.9940250069,-83.0181971937,4,6, 'University District'
Dos Hermanos,40.0116,-83.04552,3.5,17, 'University District'
The Main Bar,39.9562111,-83.0000687,4,6, 'Downtown'
The Blackwell,40.0047913,-83.0166092,4.5,31, 'University District'
Sparano's Pizza,39.9930841,-83.0915127,4,27, ''
Reverse Vanity Spa,39.9801564,-83.0041717,5,9, 'Short North'
Buckeye Hall of Fame Grill,39.9750221646,-83.0263138788,2.5,83, 'Grandview Heights'
Nurtur The Salon,40.0067406,-83.0529099,4.5,71, 'Upper Arlington'
El Vaquero,39.9998207,-83.0769272,3.5,73, 'Upper Arlington'
New Taj Mahal Indian Restaurant,40.0104353,-83.0105431,2.5,49, 'University District'
Josie's Pizza,39.959419,-83.026093,4,10, 'Franklinton'
Morettis of Arlington,40.0134315,-83.0691833,3.5,38, 'Upper Arlington'
Replenish: The Spa Co-op,39.961158,-82.986224,5,20, 'Discovery District'
Memento Tattoo,39.9872933328,-83.0446679145,5,17, 'Grandview Heights'
Basil Thai,39.9522209,-82.9998169,4,10, 'Brewery District'
Local Cantina,40.0258804449,-83.0141270056,3,34, 'Clintonville'
Pho Fast,39.9990626,-83.0173386,4,5, 'University District'
Boss Doggs,39.9969043583,-83.0099453777,3.5,6, 'University District'
Destination Donuts,39.9721718,-83.004158,4.5,19, 'Short North'
Columbus Crew Stadium,40.0079069115,-82.9914491421,4,40, 'Linden'
Wild Goose Creative,40.014419,-83.000556,4.5,14, 'University District'
Au Bon Pain,39.9944954,-83.0155716,4,4, 'University District'
Virtue Salon,40.0290723,-83.0148812,4.5,42, 'Clintonville'
Lee Ritchie-RE/MAX Metro Plus,39.952145,-82.995712,5,22, 'German Village'
The Top Steakhouse,39.956387,-82.920784,3.5,86, 'Eastmoor'
Lost Weekend Records,40.0227293372,-83.0134671181,4.5,26, 'Clintonville'
Chipotle Mexican Grill,39.9889107,-83.0411682,2.5,60, 'Grandview Heights'
El Jalapeno Mexican Grill,40.0190708041,-83.0244192481,3.5,15, 'University District'
Bob Evans,39.989799,-83.026237,3.5,15, 'Grandview Heights'
Jersey Mike's Subs,40.0488641113,-83.0203409493,4,14, 'Clintonville'
Woodland's Backyard,39.9699891,-83.046004,3,22, ''
Happy Dragon,39.9524002,-82.9909592,3,70, 'German Village'
Peking Dynasty Express,39.94838,-82.9384,3.5,27, 'Bexley'
Kelton House,39.961109,-82.984428,4,7, 'Discovery District'
Jeni's Splendid Ice Creams,39.9574089,-82.9414597,4.5,66, 'Bexley'
Yabo's Tacos,40.019382,-83.0578,3,63, 'Upper Arlington'
Rancho Alegre,40.0212517956,-83.0591240153,3.5,39, 'Upper Arlington'
Clintonville Community Market,40.022495,-83.007805,4,50, 'Clintonville'
Donatos Pizza,39.98114,-83.003922,3,13, 'Short North
Smith's Restaurant & Deli,40.03828,-83.018044,3.5,27, 'Clintonville'
Juergens Traditional Bavarian Bakery & Restaurant,39.951466,-82.994682,3,34, 'German Village'
What the Rock?!,39.986794,-83.005058,4,25, 'Short North
Jeni's Splendid Ice Creams,39.9441459775,-82.992586121,4.5,32, 'German Village'
Pure Imagination Chocolatier,39.9721718,-83.004158,4,20, 'Short North'
Calanley Restaurant,40.031864,-82.96434,5,3, 'Linden'
Elizabeth's Records,40.0256882,-83.0016632,5,16, 'Clintonville'
Short North,39.9771884363,-83.0035254921,4.5,16, 'Short North'
Subway,39.9838480353,-83.0146164447,4,4, 'Harrison West'
Land-Grant Brewing Company,39.957855,-83.01152,4.5,45, 'Franklinton'
Izzy and Mo's,39.99030858,-83.0127180881,3,13, 'University District'
The Ohio Union - Ohio State University,39.99786,-83.0078354,4.5,19, 'University District'
Minelli's Pizza,39.9774895,-83.1021194,4.5,14, ''
Streetfare By Lola,39.959774,-82.999649,4.5,4, 'Downtown'
Bob Evans,40.025166,-83.025642,3.5,15, ''
Hilton Columbus Downtown,39.9695908,-83.0020965,4,63, 'Downtown'
MAX The Salon,39.975348915,-83.0030431613,4.5,20, 'Short North'
Short North Coffee House,39.9867398,-83.0056213,3.5,11, 'Short North'
Jacob Neal Salon,39.9757004,-83.003067,4,26, 'Short North
Lucky 13 Hair Salon,40.0260315,-83.0145798,4,77, 'Clintonville'
zpizza,39.9855347,-83.0449142,4,10, 'Grandview Heights'
Berry Blendz,39.9944687,-83.0071716,4,26, 'University District'
Glen Echo Park,40.0186852,-82.9975393,5,2, 'Clintonville'
CAPA Summer Movies Series,39.9598618,-82.9989166,5,10, 'Downtown'
PetPeople,40.0205383,-83.0131302,4.5,21, 'Clintonville'
Dinin' Hall,39.9565303154,-83.009980917,4.5,30, 'Franklinton
Arena District Athletic Club,39.967884,-83.008141,4.5,13, 'Arena District'
McFerson Commons,39.9661713,-83.0065918,3.5,7, 'Arena District'
Peking Dynasty,39.9889183,-83.0539017,3,39, 'Grandview Heights'
Pedal Wagon,39.9886815,-83.0054302,5,10, 'Short North
H Johnsons Restaurant & Dairy,39.942944,-82.963936,5,6, ''
Tom + Chee - Columbus,40.0027809,-83.0081635,3.5,11, 'University District'
City Barbeque,40.056923,-83.075981,4,130, 'Upper Arlington'
Park Street Patio,39.972992,-83.004982,2.5,34, 'Short North'
Pure Imagination Chocolatier,39.9822303,-83.0452275,5,19, 'Grandview Heights'
Freedom a la Cart,39.9651641846,-83.002532959,4,6, 'Downtown'
Endzone Entertainment Complex,39.971165,-83.007034,3,14, ''
Houlihan's,40.0208884,-83.0611765,3.5,49, 'Upper Arlington'
Independents' Day,39.9575119,-83.0112534,4.5,19, 'Franklinton'
Columbus Architectural Salvage,39.996796,-82.986191,4.5,13, 'Linden'
Starbucks,39.9574012756,-82.933265686,4,27, 'Bexley'
Dirty Frank's West,39.9551166551,-83.0755989225,3.5,64, 'Hilltop'
Short North Tattoo,39.9836197,-83.0046692,4.5,17, 'Short North'
Ledo's Tavern,40.0153934956,-83.0115392804,3,15, 'University District'
Wheeler Park,39.9764213562,-83.0164489746,3,14, 'Harrison West'
Hot Times Community Arts & Music Festival,39.959137,-82.980621,4,7, 'Olde Towne East'
World Market,39.9924298938,-83.0271473841,4,30, 'University District'
zerOz,39.9635391,-83.0002518,4.5,17, 'Downtown'
Curds and Whey,39.9721718,-83.004158,4.5,15, 'Short North'
Pharoah's Pizza Palace,40.0159988,-83.002327,3,19, 'University District'
The Mad Greek,39.975071,-82.889671,4,66, 'Whitehall'
COSI,39.9603908,-83.0058665,4,112, 'Downtown'
Plank's Bier Garten,39.944092,-82.996613,3,46, 'Brewery District'
Japanese Steakhouse,39.9720993,-83.0027924,2.5,19, 'Short North'
Blue Top Asian Fusion,40.0503127459,-83.0507122725,4,19, 'Upper Arlington'
Columbus Brew Adventures,39.9782333374,-83.009262085,5,8, 'Victorian Village'
Rivet,39.986891672,-83.0054419488,4,18, 'Short North'
Muso,39.995903,-83.006774,4,5, 'University District'
Formaggio,39.9979591,-83.0069275,3,13, 'University District'
Max & Erma's,39.9688416,-83.0000916,2.5,44, 'Downtown'
Third Hand Bike Co-Op,39.985733,-82.978577,5,10, ''
Waffle House,39.9972687,-83.0073624,3,13, 'University District'
Half Price Books,40.0064697266,-83.0471572876,4,53, 'University District'
MCL Restaurant & Bakery,40.0194195605,-83.0608462415,3.5,21, 'Upper Arlington'
Domino's Pizza,39.9647010863,-82.9917164147,3.5,5, 'Discovery District'
Texas de Brazil,40.0498732924,-82.9137399048,4,105, 'Easton'
Village Cafe and Hookah,39.983925,-82.998711,4.5,3, 'Italian Village'
Grandview Theatre,39.9832653254,-83.0449884385,4.5,21, 'Grandview Heights'
Szechuan Cottage,40.0158806,-83.0115585,3,13, 'University District'
Lucky's Stout House,39.9923515,-83.006691,3,11, 'University District'
The Toolbox Saloon,39.9352989,-82.9753494,4,8, ''
Hyde Park Prime Steakhouse,40.051834,-83.062653,4,46, 'Upper Arlington'
Peabody Papers,39.9837608635,-83.0449401587,4.5,21, 'Grandview Heights'
Jeni's Splendid Ice Creams,40.0486412,-83.020607,4.5,97, 'Clintonville'
Curry & Hurry Indian Restaurant,40.011921,-83.01006,2.5,45, 'University District'
Skyward Grill,39.999227,-83.076632,4,37, 'Upper Arlington'
The Candle Lab,39.9833598733,-83.0449783802,4.5,21, 'Grandview Heights'
PerZoot,39.9860191,-83.0318527,4,6, 'Grandview Heights'
Club 20,40.015823,-83.011063,3.5,14, 'University District'
Studio Fovero,39.944332,-82.994186,4.5,32, 'German Village'
Bangkok Grocery & Restaurant,39.916999,-82.913818,4.5,102, 'Southeast'
Porto Fino's Pizza,39.9928207,-83.006813,3.5,6, 'University District'
TLC Grooming Clintonville,40.0266487151,-83.0149946362,4.5,23, 'Clintonville'
Flip Side,40.0506743567,-82.9167242309,4,211, 'Easton'
Nationwide Arena,39.9688301,-83.0069504,4,60, 'Arena District'
Sahara Shisha,40.0179291,-83.0114975,3,15, 'Clintonville'
Da Levee,40.0213037195,-82.8907721515,4.5,26, 'Gahanna'
Insomnia Cookies,40.0006104,-83.0078964,4,40, 'University District'
The Old Bag of Nails Pub,40.0134201,-83.0690002,3.5,30, 'Upper Arlington'
Taco Sherpa,39.96257,-83.00011,4,8, 'Downtown'
Angry Wiener,39.9624968681,-82.9978648184,3.5,13, 'Downtown'
Pizza Rustica,39.9618899,-83.000834,3,16, 'Downtown'
Asian Kitchen,40.0319366,-82.9101868,4,47, ''
Red Brick Tap & Grill,39.93766,-82.987785,3,59, 'Merion Village'
zpizza,40.0657432526,-83.0192452669,4,50, 'Clintonville'
Brezel,39.9721718,-83.004158,4,30, 'Short North'
Square One,39.9569702,-82.9953232,4.5,30, 'Downtown'
Southern Theatre,39.9559097,-82.9986877,4.5,17, 'Downtown'
Dosa Corner,40.0512390137,-83.0490341187,3.5,61, ''
WG Grinders,39.996403,-83.006874,3.5,10, 'University District'
Santa Maria,39.962991095,-83.0053070222,3.5,18, 'Downtown'
Wings Xtreme U,39.995216,-83.001694,2.5,11, 'University District'
White Castle,39.9819412,-83.0047073,3,21, 'Short North'
Dirty Dungarees,40.0148820438,-83.0113868405,3,22, 'University District'
Crossfit Grandview,39.9976915,-83.0320584,5,14, 'University District'
Le Chocoholique,39.9746284,-83.0031891,3.5,85, 'Short North'
Doo Dah Parade,39.9725494,-83.0046234,4.5,12, 'Victorian Village'
Lincoln Theatre,39.9671402,-82.9807434,5,9, 'King-Lincoln'
Evolved Body Art,40.000679,-83.0079193,4.5,19, 'University District'
Lifestyle Communities Pavilion,39.96986,-83.010368,3.5,78, 'Arena District'
Mi Tradicion,40.0209089,-82.8904594,4.5,62, 'Gahanna'
Cafe Istanbul,40.0543485582,-82.9160445929,4,133, 'Easton'
Corner Stone Craft Beer & Wine,39.9629402,-82.981781,5,9, 'Olde Towne East'
Ying's Teahouse & Yum-Yum,40.050114,-83.019768,3,74, 'Clintonville'
African Paradise Restaurant,40.0595493615,-82.9589371383,4,17, 'Northland'
Aubergine Dining Club,39.9836382888,-83.045193119,5,2, 'Grandview Heights'
Indian Kitchen,40.0102959,-83.0100479,3,20, 'University District'
The Athletic Club of Columbus,39.963076,-82.996974,4.5,14, 'Downtown'
Sweet Baby Octane,39.9888724834,-83.0471757799,5,12, 'Grandview Heights'
Milk Bar Boutique,39.97813,-83.004028,4.5,10, 'Short North'
Schreiner Ace Hardware,39.9883347005,-83.0364509672,4,27, 'Grandview Heights'
Lucky's Market Columbus,40.0184555,-83.0123548,3.5,94, 'Clintonville'
A Body True,39.9912185669,-83.0423355103,5,7, 'Grandview Heights'
Columbus Food Truck And Cart Fest,39.9592667,-82.9999237,2.5,33, 'Downtown'
Restaurant Silla,40.0545197,-83.0679779,4,76, 'Northwest'
Min-Ga Korean Restaurant,40.0632896,-83.0403442,4,70, ''
AAA Car Care Plus: Grandview,39.9844383,-83.0341825,4.5,15, 'Grandview Heights'
Chef-O-Nette Restaurant,40.0134163,-83.0689011,3,40, 'Upper Arlington'
Dan's Drive In,39.9236298,-82.995697,3.5,34, 'Merion Village'
Pitabilities,39.9829903,-82.9596786,4,36, ''
Wang's Teriyaki,40.0503197,-83.0198517,3.5,25, 'Clintonville'
Ohio State Football,40.0040245,-83.0192032,5,6, 'University District'
A Taste of Grandview Heights,39.9767120183,-83.0442320555,4,6, 'Grandview Heights'
Rowe,39.9770317,-83.0033493,4.5,13, 'Short North'
Records Per Minute,40.0151596069,-83.0114212036,4.5,13, 'University District'
Wing's Restaurant,39.9566002,-82.9236908,3.5,28, 'Eastmoor'
Hampton Inns & Suites Downtown,39.9724007,-83.0028,4,31, 'Short North'
Tea Zone Bakery & Cafe,40.0624118,-83.0370904,4,31, ''
Espress Oasis,39.99683,-83.0112076,3,7, 'University District'
Gallo's Tap Room,40.0622355938,-83.0370309949,3.5,61, ''
Grandview Heights Public Library,39.981834,-83.050117,4.5,14, 'Grandview Heights'
Qdoba Mexican Grill,40.002277,-83.008034,4,3, 'University District'
La Poblanita,40.0374581354,-83.000703156,4,8, 'Clintonville'
Grill & Skillet Diner,39.957047,-82.920219,4,20, 'Eastmoor'
Ohio Art League,39.9939919,-83.0067368,5,6, 'University District'
Frisch's,40.012249,-82.9935684,3,14, 'Linden'
Kroger Food and Pharmacy,39.9495773315,-83.0018539429,4,33, 'Brewery District'
Janet's Kitchen,40.024605,-83.02549,4.5,5, ''
Colin's Coffee,40.0291786,-83.0912704,4,33, 'Upper Arlington'
Columbus Crew SC,40.009086,-82.991261,4.5,9, 'Linden'
Shoku,39.984501,-83.04451,2.5,95, 'Grandview Heights'
Domino's Pizza,40.0067215,-83.0094986,4,7, 'University District'
Alexanders Jewelers,39.9764362284,-83.003583247,4,18, 'Short North'
Los Guachos,39.943871,-83.105957,4.5,25, 'Hilltop'
The Garage Bar,39.971436,-83.006477,2.5,16, ''
Rusty Bucket Restaurant and Tavern,39.9574509,-82.9416733,3.5,27, 'Bexley'
Cluck-A-Doodle-Doo,39.9968426675,-83.0067448318,2.5,17, 'University District'
Gentile's Wine Sellers,39.991478,-83.048668,4.5,27, 'Grandview Heights'
Ohio State Fair,40.0009075552,-82.9897758365,3.5,53, 'Linden'
Chipotle Mexican Grill,40.0631200522,-83.0406030267,3.5,24, ''
Clintonville Animal Hospital,40.02433,-83.014191,4.5,15, 'Clintonville'
Billy Lee's Chinese Cuisine,39.9712061137,-82.9214639962,3.5,14, 'Eastmoor'
Ugly Tuna Saloona,39.9939384,-83.0065079,2.5,45, 'University District'
Graeters Ice Cream,40.0073509216,-83.0511016846,4,56, 'Upper Arlington'
AltSmoke,40.0125121,-83.010728,4,16, 'University District'
Romeo's Pizza,39.987429,-83.031729,3,16, 'Grandview Heights'
Poong Mei,40.052487075,-83.0664566976,4,47, 'Upper Arlington'
Kickin Chicken Mobile,39.9680402225,-83.0019202918,4.5,3, 'Downtown'
Courtside Cafe/ Juice 2,40.0004044,-83.0174179,4,3, 'University District'
Golden Phoenix Chinese Restaurant,40.061981,-82.952446,4,24, 'Northland'
Café Bistro,40.0546004291,-82.9151514632,4,44, 'Easton'
Green Floral Design Studio,39.9862709,-83.0447769,5,12, 'Grandview Heights'
House of Cigars,39.984539,-83.00457,4,21, 'Short North
Skyline Chili,40.0652809,-83.0719833,4.5,17, 'Northwest'
Tandoori Grill,40.0636651449,-83.0406560987,3.5,58, ''
Rogue Bakery,39.96531,-83.00898,4.5,12, 'Downtown'
North Market Microbrew Festival,39.9721718,-83.004158,4.5,9, 'Short North'
B & B Pizza & Spaghetti,40.042999,-82.977745,4.5,8, 'Linden'
Panera Bread,39.9845543,-83.0287857,3.5,5, 'Grandview Heights'
Shish Kebab,40.0643255854,-83.0582237002,4,89, 'Northwest'
La Moreliana Mexican Grill,40.0561399251,-83.0001536384,4.5,5, 'Clintonville'
Health & Harmony Animal Hospital,39.979565,-83.034439,5,9, 'Grandview Heights'
Traxler Custom Printing,40.0272850692,-82.9947043955,4.5,11, 'Linden'
Tim Hortons,39.969395,-83.006271,3,5, 'Arena District'
Blick Art Materials,39.974929,-83.002708,4,18, 'Short North
Walhalla Ravine,40.0255585,-83.0074463,5,3, 'Clintonville'
Jimmy John's,40.0230525434,-83.0593898892,4.5,5, 'Upper Arlington'
Neighbor's Deli,40.057522282,-83.0759759992,4,30, 'Upper Arlington
Cooper's Hawk Winery & Restaurant,40.0543529,-82.9150644,4,202, 'Easton'
Charritos,40.053127,-83.066085,4.5,16, 'Upper Arlington'
Jack's Corner Pub,40.014214,-82.999748,3.5,5, 'University District'
Potbelly Sandwich Shop,39.9847130477,-83.022698611,3.5,7, 'Harrison West
The Mug & Brush Barber Shop,40.011879,-83.010902,4,20, 'University District'
Durangos,39.993598,-83.041564,3.5,14, 'Upper Arlington'
North Market Ohio Wine Festival,39.9721718,-83.004158,4,16, 'Short North'
Hausfrau Haven,39.9467933178,-82.9949940741,4.5,20, 'German Village'
Balanced Yoga,40.0340294838,-83.0164343119,4.5,25, 'Clintonville'
The Cookware Sorcerer,39.9764709,-83.0032425,4,17, 'Short North'
New Wave Hair Salon,40.031208,-83.015419,4.5,21, 'Clintonville'
Ohio Roller Girls,39.967918396,-83.0265350342,4.5,10, 'Grandview Heights'
Midwest Photo Exchange,40.0297318,-83.0155716,4,36, 'Clintonville'
Ohio Governor's Residence and Heritage Garden,39.976479,-82.939423,4.5,3, 'Bexley'
Figlio,40.0290718,-83.0912399,4,44, 'Upper Arlington'
Arirang Oriental Market,40.0646149561,-83.0597734451,4,49, 'Northwest'
Fado Irish Pub & Restaurant,40.049099,-82.9141693,4,107, 'Easton'
Starbucks,40.0230713,-83.0596924,4,8, 'Upper Arlington'
Once Ridden Bikes,40.0162806146,-83.0023681883,4,17, 'University District'
Paseo Nails and Spa,40.0113792,-83.0101471,4.5,17, 'University District'
Nurtur the Salon- Grandview,39.9850082,-83.044899,4.5,16, 'Grandview Heights'
The UPS Store,39.9746857,-83.0032196,4.5,11, 'Short North'
Enchanted Shoe Repair,39.9872513,-83.0064163,4,21, 'Short North
The Hills Market Downtown,39.965274,-82.99178,3.5,52, 'Discovery District'
Sonic Drive-In,40.0271301,-83.0270615,3,23, ''
Palace Theatre Columbus,39.9622666,-83.0016924,4,27, 'Downtown'
Windward Passage Restaurant,40.0540704147,-83.0694076298,4,50, 'Upper Arlington'
Taco Bell,39.988581,-83.041399,2.5,15, 'Grandview Heights'
Pizza Cucinova,40.0532155197,-82.9192686081,4,68, 'Easton'
CaJohns Flavor & Fire,39.9721718,-83.004158,4,11, 'Short North'
Old 40 Tavern,39.957077,-82.921349,4,10, 'Eastmoor'
Camelot Cellars,39.9819107,-83.0042877,3,80, 'Short North
Tri-Village Chiropractic Clinic,39.988790676,-83.0436480045,5,7, 'Grandview Heights'
Zauber Brewing Co.,39.987583,-83.030377,4,32, 'Grandview Heights'
Short North Fitness,39.9855614,-83.0054016,4,7, 'Short North'
Capstone Dental,39.962462125,-83.0005965198,4.5,8, 'Downtown'
Riverside Methodist Hospital,40.0306587,-83.0340271,4.5,26, ''
High Up Head Shop,39.991611,-83.00602,4.5,6, 'University District'
Cuco's Taqueria,40.0581512,-83.0760803,4,162, 'Northwest'
Zoe Cafe,39.9573429186,-82.9354059303,3,54, 'Bexley'
Handy Bikes,40.0129509,-83.0111084,4.5,6, 'University District'
Dirty Girl Cleaners,40.0285259898,-83.0150825185,4,13, 'Clintonville'
Tecks Barber Shop,39.9979262799,-83.0071813613,5,8, 'University District'
Lily Nails & Spa,39.991521,-83.0059954,4,18, 'University District'
Elli Nail Spa,39.9859581,-83.0445709,3.5,31, 'Grandview Heights'
Wyman Woods Park,39.9767924456,-83.0454227689,4.5,3, 'Grandview Heights'
Columbus Curling Club,40.0259132385,-82.9960250854,5,6, 'Linden'
Taco Bell,40.05155,-83.0499,5,4, 'Upper Arlington'
Moo Moo Car Wash,39.9881435931,-83.0306453258,4,23, 'Grandview Heights'
Mediterranean Foods Imports,40.0169704768,-83.0119219484,5,9, 'University District'
Drew Grudowski,39.991832301,-83.0406841636,5,7, 'University District'
Posh Nosh! Luncheonette,39.9688159,-83.026557,4.5,2, 'Grandview Heights'
Number One Gyro Shoppe,39.953548,-83.096169,4,31, 'Hilltop'
Blue Bubble Express Laundromat,40.0109787,-83.0101089,3.5,16, 'University District'
All About The Dogs,39.939423,-82.990517,4.5,24, 'German Village'
Weiland's Market,40.0371017,-83.0000229,4,75, 'Clintonville'
New India Restaurant,40.0645828,-83.0570755,4,105, 'Northwest'
Renaissance Columbus Downtown Hotel,39.9636917114,-82.997718811,3.5,62, 'Downtown'
Griggs Reservoir Park,40.0138706714,-83.0902024359,4,15, 'Upper Arlington'
Growl!,40.0232697,-83.0138626,4.5,12, 'Clintonville'
French Loaf,39.988874495,-83.0453753471,4,35, 'Grandview Heights'
Betty's Bar,39.9675407,-83.013649,3.5,8, 'Arena District'
Firefly Play Cafe,40.0608711,-83.0193634,3.5,14, 'Clintonville'
Village Valuables,39.9503936768,-82.9951553345,4.5,3, 'German Village'
Watershed Distillery,39.992104,-83.037308,4,16, 'Upper Arlington'
General Tso's Chinese Restaurant,40.0648193,-83.0573196,4,47, 'Northwest'
Panera Bread,39.9481759395,-82.9975486547,3,14, 'Brewery District'
La Michoacana Mexican Market,40.0594482,-82.9615173,3.5,31, ''
Mozart's,40.060359,-83.0194797,3,68, 'Clintonville'
Care Pet Clinic,39.9577026367,-82.9780654907,4,25, 'Olde Towne East'
Origins Game Fair,39.9702377,-83.0020294,3.5,4, 'Downtown
Lieu's Asian Cuisine,40.0708885,-83.0186615,4.5,19, 'Clintonville'
Garcia's Internazionale Restaurant,40.0147018,-83.0115509,2.5,18, 'University District'
Acorn Bookshop,39.9889603,-83.0456009,4.5,20, 'Grandview Heights'
The Big Bar & Grill,39.9974213,-83.00737,2.5,8, 'University District'
Columbus Historical Society,39.9610863,-83.0086517,4.5,2, 'Downtown'
Rhodes State Office Tower,39.9626363984,-82.9993854733,4.5,2, 'Downtown'
Meshikou,40.0639191,-83.0597,4,85, 'Northwest'
Dairy Family,39.987572,-83.01049,4.5,9, 'University District'
Subway,40.0312198699,-82.9971157014,5,4, ''
Callahan's,39.9727664,-83.004429,2,34, 'Short North'
San-Su Korean BBQ,40.0638046265,-83.0491943359,3.5,88, 'Northwest'
Clintonville Farmers Market,40.0338783,-83.0167389,4,33, 'Clintonville'
Turkey Hill,39.9680443,-82.9509506,4,4, ''
Swoop! Food Truck,39.944149,-82.987167,4.5,15, 'Merion Village'
Columbus Arts Festival,39.9644762425,-82.9984295169,4,17, 'Downtown'
Dublin Road Auto Care,39.9732208,-83.0473022,4.5,17, 'Grandview Heights'
Kaya Restaurant,40.0522647634,-83.0664877063,3.5,88, 'Upper Arlington'
Subway,39.941505,-82.997139,5,3, 'Brewery District'
Orange Leaf,40.0205570091,-83.0594086647,4,60, 'Upper Arlington'
r design & printing,39.9859505,-83.0043869,5,6, 'Short North
Papa John's Pizza,39.9880295,-83.0058365,3.5,3, 'Short North
Schottenstein Center,40.0085526,-83.0259094,4,36, 'University District'
Alternative Auto Care,39.9874306,-83.0092621,4,12, 'University District'
Craftin' Outlaws,39.963589,-82.98497,4,3, 'Discovery District'
Harrison House Bed & Breakfast,39.9872818,-83.0140915,4.5,9, 'University District